Sno,Weight
0,0.028914327
1,0.01705759
2,0.01736922
3,0.020095391
